Campus_Id,Building_SA_Id,Building_Name,Main_Space_Category,Main_Space_Use_Code,Room_SA_Id,Scheduled,Sum_of_WRH,WRH,Sum_of_B_WSCH,Sum_of_WSCH_Capacity,Seat_Fill_Rate,Seat_Fill_Rate_Pct,NASM_Per_Seat,NASM,Seats
Strand,Bush House,Bush House - Centre Block,Class Laboratories,210,Bush House - Centre Block (S) 4.02,TRUE,16.75,17,548.25,904.5,0.606135987,61%,3.6,195,54
Strand,Bush House,Bush House - Centre Block,Class Laboratories,210,Bush House - Centre Block (S) 6.01,TRUE,5.083333333,5,135.8333333,162.6666667,0.835040984,84%,3.8,121,32
Strand,Bush House,Bush House - Centre Block,Class Laboratories,210,Bush House - Centre Block (S) 7.01,TRUE,25,25,1296.666667,750,1.728888889,173%,2.8,85,30
Strand,Bush House,Bush House - Centre Block,Class Laboratories,210,Bush House - Centre Block (S) 7.02,TRUE,25,25,1296.666667,750,1.728888889,173%,2.8,83,30
Strand,Bush House,Bush House - Centre Block,Class Laboratories,210,Bush House - Centre Block (S) 7.03,TRUE,12.08333333,12,215,265.8333333,0.808777429,81%,3.4,74,22
Strand,Bush House,Bush House - Centre Block,Class Laboratories,210,Bush House - Centre Block (S) 6.03,TRUE,9.166666667,9,261.6666667,357.5,0.731934732,73%,3.8,149,39
Strand,Bush House,Bush House - Centre Block,Class Laboratories,210,Bush House - Centre Block (S) 6.02,TRUE,6.5,7,267.5,325,0.823076923,82%,3.2,161,50
Strand,Bush House,Bush House - Centre Block,Class Laboratories,210,Bush House - Centre Block (S) 7.06,TRUE,8.166666667,8,134.1666667,245,0.547619048,55%,4,120,30
Strand,Bush House,Bush House - Centre Block,Class Laboratories,210,Bush House - Centre Block (S) 4.01,TRUE,31,31,471.8333333,1116,0.422789725,42%,3.6,129,36
Strand,Bush House,Bush House - Centre Block,Classrooms,110,Bush House - Centre Block (S) 1.02,TRUE,23.08333333,23,141.25,230.8333333,0.611913357,61%,3.3,33,10
Strand,Bush House,Bush House - Centre Block,Classrooms,110,Bush House - Centre Block (S) 1.03,TRUE,20.20833333,20,165.4583333,202.0833333,0.818762887,82%,3.4,34,10
Strand,Bush House,Bush House - Centre Block,Classrooms,110,Bush House - Centre Block (S) 1.04,TRUE,22.79166667,23,346.4583333,364.6666667,0.950068556,95%,2.6,41,16
Strand,Bush House,Bush House - Centre Block,Classrooms,110,Bush House - Centre Block (S) 2.01,TRUE,37.91666667,38,771.6666667,1137.5,0.678388278,68%,1.7,52,30
Strand,Bush House,Bush House - Centre Block,Classrooms,110,Bush House - Centre Block (S) 2.02,TRUE,32.41666667,32,799.25,972.5,0.8218509,82%,1.6,47,30
Strand,Bush House,Bush House - Centre Block,Classrooms,110,Bush House - Centre Block (S) 2.03,TRUE,32.45833333,32,839.25,1947.5,0.430937099,43%,1.8,110,60
Strand,Bush House,Bush House - Centre Block,Classrooms,110,Bush House - Centre Block (S) 2.04,TRUE,17.08333333,17,153.3333333,273.3333333,0.56097561,56%,2.7,44,16
Strand,Bush House,Bush House - Centre Block,Classrooms,110,Bush House - Centre Block (S) 2.05,TRUE,36.95833333,37,682.125,887,0.769024803,77%,2.5,59,24
Strand,Bush House,Bush House - Centre Block,Classrooms,110,Bush House - Centre Block (S) 2.06,TRUE,36.16666667,36,606.2916667,723.3333333,0.838191244,84%,3,61,20
Strand,Bush House,Bush House - Centre Block,Classrooms,110,Bush House - Centre Block (S) 4.03,TRUE,23,23,327.8333333,368,0.890851449,89%,3.5,55,16
Strand,Bush House,Bush House - Centre Block,Classrooms,120,Bush House - Centre Block (N) -1.01,TRUE,34.79166667,35,7316.208333,13742.70833,0.532370196,53%,1.2,460,395
Strand,Bush House,Bush House - Centre Block,Classrooms,120,Bush House - Centre Block (S) 1.01,TRUE,37.875,38,2503.666667,4545,0.550861753,55%,1.3,153,120
Strand,Bush House,Bush House - Centre Block,Classrooms,120,Bush House - Centre Block (S) 4.04,TRUE,35.5,36,1824.916667,3195,0.571178925,57%,1,93,90
Strand,Bush House (NE),Bush House - North East Wing,Classrooms,110,Bush House - North East Wing (NE) -1.01,TRUE,29.33333333,29,844.4166667,1760,0.479782197,48%,2.1,125,60
Strand,Bush House (NE),Bush House - North East Wing,Classrooms,110,Bush House - North East Wing (NE) 1.02,TRUE,33.25,33,686.5,1330,0.516165414,52%,2,82,40
Strand,Bush House (NE),Bush House - North East Wing,Classrooms,110,Bush House - North East Wing (NE) 1.04,TRUE,25.08333333,25,568.75,877.9166667,0.647840532,65%,1.1,37,35
Strand,Bush House (NE),Bush House - North East Wing,Classrooms,110,Bush House - North East Wing (NE) 2.01,TRUE,17.875,18,232.4166667,286,0.812645688,81%,2.2,35,16
Strand,Bush House (NE),Bush House - North East Wing,Classrooms,110,Bush House - North East Wing (NE) 2.02,TRUE,0.833333333,1,5,10,0.5,50%,2.5,29,12
Strand,Bush House (NE),Bush House - North East Wing,Classrooms,110,Bush House - North East Wing (NE) 2.03,TRUE,21.83333333,22,280.25,349.3333333,0.802242366,80%,2.3,37,16
Strand,Bush House (NE),Bush House - North East Wing,Classrooms,110,Bush House - North East Wing (NE) 9.03,TRUE,11.41666667,11,166.5833333,365.3333333,0.455976277,46%,2.4,78,32
Strand,Bush House (SE),Bush House - South East Wing,Classrooms,110,Bush House - South East Wing (SE) 1.01,TRUE,40.20833333,40,1029.041667,1608.333333,0.639818653,64%,1.7,67,40
Strand,Bush House (SE),Bush House - South East Wing,Classrooms,110,Bush House - South East Wing (SE) 1.02,TRUE,39.25,39,813.75,1570,0.518312102,52%,2.6,102,40
Strand,Bush House (SE),Bush House - South East Wing,Classrooms,110,Bush House - South East Wing (SE) 1.03,TRUE,21.5,22,297.4166667,344,0.864583333,86%,2.2,36,16
Strand,Bush House (SE),Bush House - South East Wing,Classrooms,110,Bush House - South East Wing (SE) 1.04,TRUE,21.58333333,22,307.5,345.3333333,0.890444015,89%,2.3,37,16
Strand,Bush House (SE),Bush House - South East Wing,Classrooms,110,Bush House - South East Wing (SE) 1.06,TRUE,31.375,31,683.7916667,753,0.908089863,91%,1.8,44,24
Strand,Bush House (SE),Bush House - South East Wing,Classrooms,110,Bush House - South East Wing (SE) 1.07,TRUE,20.91666667,21,277.75,334.6666667,0.829930279,83%,1.9,31,16
Strand,Bush House (SE),Bush House - South East Wing,Classrooms,110,Bush House - South East Wing (SE) 1.08,TRUE,46.625,47,737.5,932.5,0.790884718,79%,2.5,50,20
Strand,Bush House (SE),Bush House - South East Wing,Classrooms,110,Bush House - South East Wing (SE) 2.01,TRUE,30.04166667,30,671.2083333,721,0.930940823,93%,2.1,49,24
Strand,Bush House (SE),Bush House - South East Wing,Classrooms,110,Bush House - South East Wing (SE) 2.02,TRUE,24.625,25,384.0416667,443.25,0.86642226,87%,3.6,65,18
Strand,Bush House (SE),Bush House - South East Wing,Classrooms,110,Bush House - South East Wing (SE) 2.03,TRUE,21.45833333,21,324.2083333,343.3333333,0.944296117,94%,2.2,36,16
Strand,Bush House (SE),Bush House - South East Wing,Classrooms,110,Bush House - South East Wing (SE) 2.04,TRUE,22.875,23,319.9583333,366,0.874203097,87%,2.4,38,16
Strand,Bush House (SE),Bush House - South East Wing,Classrooms,110,Bush House - South East Wing (SE) 2.05,TRUE,29.66666667,30,586.6666667,712,0.823970037,82%,2.1,51,24
Strand,Bush House (SE),Bush House - South East Wing,Classrooms,110,Bush House - South East Wing (SE) 2.06,TRUE,26.04166667,26,170.5416667,260.4166667,0.65488,65%,1.4,14,10
Strand,Bush House (SE),Bush House - South East Wing,Classrooms,110,Bush House - South East Wing (SE) 2.07,TRUE,23.20833333,23,116.9583333,232.0833333,0.503949731,50%,1.5,15,10
Strand,Bush House (SE),Bush House - South East Wing,Classrooms,110,Bush House - South East Wing (SE) 2.08,TRUE,22.20833333,22,156.8333333,222.0833333,0.70619137,71%,1.9,19,10
Strand,Bush House (SE),Bush House - South East Wing,Classrooms,110,Bush House - South East Wing (SE) 2.10,TRUE,37.20833333,37,846.5833333,1488.333333,0.56881299,57%,1.6,65,40
Strand,Bush House (SE),Bush House - South East Wing,Classrooms,110,Bush House - South East Wing (SE) 2.11,TRUE,24.125,24,395.0416667,434.25,0.909710228,91%,3.1,55,18
Strand,Bush House (SE),Bush House - South East Wing,Classrooms,110,Bush House - South East Wing (SE) 2.12,TRUE,42.875,43,1323.333333,2572.5,0.51441529,51%,1.5,91,60
Strand,Bush House (SE),Bush House - South East Wing,Classrooms,110,Bush House - South East Wing (SE) 5.04,TRUE,27.08333333,27,392.5,650,0.603846154,60%,1.7,40,24
Strand,Bush House (SE),Bush House - South East Wing,Classrooms,110,Bush House - South East Wing (SE) 5.05,TRUE,26.58333333,27,396.6666667,0,0,0%,0,68,0
Strand,Bush House (SE),Bush House - South East Wing,Classrooms,110,Bush House - South East Wing (SE) 5.07,TRUE,29.83333333,30,441,716,0.615921788,62%,1.5,36,24
Strand,Bush House (SE),Bush House - South East Wing,Classrooms,110,Bush House - South East Wing (SE) 5.08,TRUE,25,25,369,600,0.615,62%,1.5,37,24
Strand,Bush House (SE),Bush House - South East Wing,Classrooms,110,Bush House - South East Wing (SE) 5.09,TRUE,28.83333333,29,413.3333333,922.6666667,0.447976879,45%,2.1,68,32
Strand,Bush House (SE),Bush House - South East Wing,Classrooms,110,Bush House - South East Wing (SE) 6.01,TRUE,16.5,17,225.5,0,0,0%,0,32,0
Strand,Bush House (SE),Bush House - South East Wing,Classrooms,110,Bush House - South East Wing (SE) 6.02,TRUE,21.83333333,22,321.4166667,0,0,0%,0,41,0
Strand,Bush House (SE),Bush House - South East Wing,Classrooms,110,Bush House - South East Wing (SE) 6.03,TRUE,29.33333333,29,594.5833333,704,0.844578598,84%,2.6,63,24
Strand,Bush House (SE),Bush House - South East Wing,Classrooms,110,Bush House - South East Wing (SE) 6.04,TRUE,31.25,31,698.1666667,1125,0.620592593,62%,2.5,89,36
Strand,Bush House (SE),Bush House - South East Wing,Classrooms,120,Bush House - South East Wing (SE) 1.05,TRUE,29.5,30,723.125,1180,0.612817797,61%,2.3,92,40
Strand,Bush House (SE),Bush House - South East Wing,Classrooms,120,Bush House - South East Wing (SE) 2.09,TRUE,31.58333333,32,760.6666667,1263.333333,0.602110818,60%,2.3,94,40
Strand,Chesham ,Chesham Building,Classrooms,110,Chesham  -1.02,TRUE,13.83333333,14,254.5,304.3333333,0.836254107,84%,1.4,31,22
Strand,Chesham ,Chesham Building,Classrooms,110,Chesham  3.02,TRUE,10.33333333,10,155.0833333,206.6666667,0.750403226,75%,1.6,32,20
Strand,Chesham ,Chesham Building,Classrooms,110,Chesham  -1.04,TRUE,14.33333333,14,242.0833333,301,0.804263566,80%,2,42,21
Strand,"East Wing, Surrey St","East Wing, Surrey St",Classrooms,110,"East Wing, Surrey St NW C16",TRUE,14.625,15,233.4583333,321.75,0.725589226,73%,2.4,53,22
Strand,King's ,King's Building,Class Laboratories,210,King's  K4.32,TRUE,13.58333333,14,272.75,407.5,0.669325153,67%,2.3,69,30
Strand,King's ,King's Building,Class Laboratories,210,King's  K4.33,TRUE,15.91666667,16,404.6666667,795.8333333,0.508481675,51%,2,98,50
Strand,King's ,King's Building,Class Laboratories,210,King's  K-1.27,TRUE,8.75,9,289.3333333,0,0,0%,0,47,0
Strand,King's ,King's Building,Class Laboratories,210,King's  K-1.28,TRUE,8.625,9,286.8333333,0,0,0%,0,47,0
Strand,King's ,King's Building,Class Laboratories,210,King's  K4U.13,TRUE,8.583333333,9,495.8333333,515,0.962783172,96%,2.7,160,60
Strand,King's ,King's Building,Classrooms,110,King's  12SWB,TRUE,6.416666667,6,96.25,128.3333333,0.75,75%,2,41,20
Strand,King's ,King's Building,Classrooms,110,King's  18SWB,TRUE,4.166666667,4,66.5,125,0.532,53%,1.8,54,30
Strand,King's ,King's Building,Classrooms,110,King's  20SWB SCR,TRUE,8.916666667,9,120.25,178.3333333,0.674299065,67%,3.6,73,20
Strand,King's ,King's Building,Classrooms,110,King's  21SWB SCR,TRUE,22.75,23,358.75,1365,0.262820513,26%,0.7,40,60
Strand,King's ,King's Building,Classrooms,110,King's  K0.16,TRUE,30.91666667,31,682.4166667,1514.916667,0.450464822,45%,1.8,89,49
Strand,King's ,King's Building,Classrooms,110,King's  K0.18,TRUE,29.83333333,30,700.1666667,1282.833333,0.545797064,55%,2,88,43
Strand,King's ,King's Building,Classrooms,110,King's  K0.19,TRUE,30.91666667,31,529.3333333,803.8333333,0.6585113,66%,2.1,54,26
Strand,King's ,King's Building,Classrooms,110,King's  K0.20,TRUE,33.16666667,33,695.0833333,1592,0.436610134,44%,1.9,94,48
Strand,King's ,King's Building,Classrooms,110,King's  K0.50,TRUE,30.54166667,31,588.4583333,1007.875,0.583860432,58%,1.3,43,33
Strand,King's ,King's Building,Classrooms,110,King's  K0.64,TRUE,1.625,2,83.66666667,325,0.257435897,26%,1.7,332,200
Strand,King's ,King's Building,Classrooms,110,King's  K1.26,TRUE,25.5,26,407.6666667,459,0.888162672,89%,2.3,41,18
Strand,King's ,King's Building,Classrooms,110,King's  K1.27,TRUE,12.875,13,144.375,180.25,0.800970874,80%,2.2,31,14
Strand,King's ,King's Building,Classrooms,110,King's  K-1.88,TRUE,0.75,1,0.75,9,0.083333333,8%,1.2,14,12
Strand,King's ,King's Building,Classrooms,110,King's  K2.40,TRUE,42.41666667,42,1132.208333,2375.333333,0.4766524,48%,2.2,126,56
Strand,King's ,King's Building,Classrooms,110,King's  K2.41,TRUE,30.33333333,30,579.4166667,728,0.795902015,80%,1.1,28,24
Strand,King's ,King's Building,Classrooms,110,King's  K4.31,TRUE,28.91666667,29,633.75,1012.083333,0.626183615,63%,1.5,52,35
Strand,King's ,King's Building,Classrooms,110,King's  K4U.04,TRUE,32.70833333,33,675.5833333,1308.333333,0.516369427,52%,1.8,72,40
Strand,King's ,King's Building,Classrooms,110,King's  K4U.12,TRUE,31.25,31,1772.958333,4687.5,0.378231111,38%,1.5,219,150
Strand,King's ,King's Building,Classrooms,110,King's  K6.36,TRUE,22.66666667,23,393.8333333,0,0,0%,0,129,0
Strand,King's ,King's Building,Classrooms,110,King's  K-1.20,TRUE,31.5,32,586,0,0,0%,0,51,0
Strand,King's ,King's Building,Classrooms,110,King's  K0.17,TRUE,2.916666667,3,34.08333333,35,0.973809524,97%,2.1,25,12
Strand,King's ,King's Building,Classrooms,120,King's  K0.08,TRUE,32.33333333,32,4538.625,8180.333333,0.554821523,55%,0.8,210,253
Strand,King's ,King's Building,Classrooms,120,King's  K1.28,TRUE,38.25,38,1430.833333,4398.75,0.325281804,33%,1.2,136,115
Strand,King's ,King's Building,Classrooms,120,King's  K-1.56,TRUE,28.79166667,29,1325.5,2073,0.639411481,64%,0.7,51,72
Strand,King's ,King's Building,Classrooms,120,King's  K2.31,TRUE,37.16666667,37,2039.708333,3382.166667,0.603077416,60%,1,90,91
Strand,King's ,King's Building,Classrooms,120,King's  K3.11,TRUE,30.41666667,30,866.5833333,1703.333333,0.508757339,51%,1.1,60,56
Strand,King's ,King's Building,Classrooms,120,King's  K6.29,TRUE,31.45833333,31,4079.333333,6134.375,0.664995755,66%,0.5,91,195
Strand,King's ,King's Building,Classrooms,120,King's  K6.63,TRUE,28.29166667,28,629.1666667,848.75,0.741286205,74%,1.3,39,30
Strand,Macadam ,Macadam Building,Class Laboratories,210,Macadam  MB-2.1,TRUE,8.416666667,8,413.75,0,0,0%,0,258,0
Strand,Macadam ,Macadam Building,Classrooms,110,Macadam  MB1.1,TRUE,40.625,41,710.2083333,1218.75,0.582735043,58%,2.6,79,30
Strand,Macadam ,Macadam Building,Classrooms,110,Macadam  MB-1.1.4,TRUE,27.33333333,27,489,0,0,0%,0,97,0
Strand,Macadam ,Macadam Building,Classrooms,110,Macadam  MB1.2,TRUE,68.58333333,69,1248.541667,2057.5,0.606824625,61%,2.6,79,30
Strand,Macadam ,Macadam Building,Classrooms,110,Macadam  MB1.3,TRUE,43.08333333,43,847.125,1292.5,0.655415861,66%,2.4,71,30
Strand,Macadam ,Macadam Building,Classrooms,110,Macadam  MB2.1,TRUE,32.54166667,33,477.2083333,1301.666667,0.366613316,37%,2.3,93,40
Strand,Macadam ,Macadam Building,Classrooms,110,Macadam  MB2.2,TRUE,36.79166667,37,1566.791667,3311.25,0.473172266,47%,1.8,161,90
Strand,Macadam ,Macadam Building,Classrooms,110,Macadam  MB3.1,TRUE,19.08333333,19,1063.5,0,0,0%,0,348,0
Strand,Macadam ,Macadam Building,Classrooms,110,Macadam  MB4.2,TRUE,31.66666667,32,1713.458333,3166.666667,0.541092105,54%,2.7,265,100
Strand,Macadam ,Macadam Building,Classrooms,110,Macadam  MB-2.2,TRUE,10.83333333,11,325,975,0.333333333,33%,1.3,114,90
Strand,Macadam ,Macadam Building,Classrooms,110,Macadam  MB1.8,TRUE,0.166666667,0,0.5,0,0,0%,0,6,0
Strand,Macadam ,Macadam Building,Classrooms,110,Macadam  MB1.7,TRUE,0.166666667,0,0.5,0,0,0%,0,7,0
Strand,Maughan Library,Maughan Library,Class Laboratories,210,Maughan Library 1.23,TRUE,9.083333333,9,270.3333333,272.5,0.99204893,99%,3,91,30
Strand,Maughan Library,Maughan Library,Class Laboratories,210,Maughan Library 1.62-4,TRUE,9.333333333,9,258,280,0.921428571,92%,4.5,134,30
Strand,Maughan Library,Maughan Library,Class Laboratories,210,Maughan Library G62-G64,TRUE,7,7,112.25,0,0,0%,0,133,0
Strand,Maughan Library,Maughan Library,Class Laboratories,210,Maughan Library 2.23,TRUE,3.416666667,3,100.3333333,102.5,0.978861789,98%,3,91,30
Strand,Maughan Library,Maughan Library,Class Laboratories,210,Maughan Library LG69-LG70,TRUE,3.666666667,4,73.33333333,73.33333333,1,100%,4.1,83,20
Strand,Maughan Library,Maughan Library,Class Laboratories,210,Maughan Library LG66-LG67,TRUE,3.5,4,70,105,0.666666667,67%,2.6,79,30
Strand,Norfolk ,Norfolk Building,Classrooms,110,Norfolk  G01,TRUE,16.79166667,17,430.3333333,940.3333333,0.457639135,46%,1.3,71,56
Strand,Somerset House East Wing,Somerset House East Wing,Classrooms,110,Somerset House East Wing SW1.07,TRUE,3.916666667,4,58.75,58.75,1,100%,2.5,38,15
Strand,Somerset House East Wing,Somerset House East Wing,Classrooms,110,Somerset House East Wing SW-2.12,TRUE,21.16666667,21,392.3333333,508,0.772309711,77%,1.6,39,24
Strand,Somerset House East Wing,Somerset House East Wing,Classrooms,110,Somerset House East Wing SW-2.17,TRUE,20.33333333,20,348.8333333,488,0.714822404,71%,1.9,45,24
Strand,Somerset House East Wing,Somerset House East Wing,Classrooms,110,Somerset House East Wing SW1.24,TRUE,5.333333333,5,107.1666667,0,0,0%,0,33,0
Strand,Strand ,Strand Building,Class Laboratories,210,Strand  S-2.13,TRUE,4.833333333,5,76.66666667,145,0.528735632,53%,4.3,128,30
Strand,Strand ,Strand Building,Classrooms,110,Strand  S0.03,TRUE,53.58333333,54,827.25,1607.5,0.514618974,51%,1.4,42,30
Strand,Strand ,Strand Building,Classrooms,110,Strand  S0.11,TRUE,46.83333333,47,767,1873.333333,0.409430605,41%,1.3,51,40
Strand,Strand ,Strand Building,Classrooms,110,Strand  S0.12,TRUE,51.16666667,51,960.9166667,2558.333333,0.375602606,38%,1,50,50
Strand,Strand ,Strand Building,Classrooms,110,Strand  S0.13,TRUE,46.20833333,46,1113.333333,2541.458333,0.438068694,44%,1.1,59,55
Strand,Strand ,Strand Building,Classrooms,110,Strand  S-1.01,TRUE,49.375,49,1292.875,2221.875,0.581884669,58%,1.2,53,45
Strand,Strand ,Strand Building,Classrooms,110,Strand  S-1.08,TRUE,32.25,32,444.0833333,774,0.573751077,57%,1.2,29,24
Strand,Strand ,Strand Building,Classrooms,110,Strand  S-1.27,TRUE,36.16666667,36,1739.875,4050.666667,0.429528061,43%,1.1,124,112
Strand,Strand ,Strand Building,Classrooms,110,Strand  S-1.29,TRUE,31.83333333,32,547,795.8333333,0.687329843,69%,1.3,33,25
Strand,Strand ,Strand Building,Classrooms,110,Strand  S-2.23,TRUE,27,27,902.3333333,2592,0.348122428,35%,1.1,107,96
Strand,Strand ,Strand Building,Classrooms,110,Strand  S-2.25,TRUE,30.33333333,30,572.3333333,849.3333333,0.673861852,67%,1.6,46,28
Strand,Strand ,Strand Building,Classrooms,110,Strand  S2.28,TRUE,44.83333333,45,931.0833333,1434.666667,0.648989312,65%,1.2,39,32
Strand,Strand ,Strand Building,Classrooms,110,Strand  S2.29,TRUE,38.66666667,39,728.8333333,1430.666667,0.50943616,51%,1.1,40,37
Strand,Strand ,Strand Building,Classrooms,110,Strand  S2.30,TRUE,46.54166667,47,792.0833333,1303.166667,0.607814299,61%,1.4,40,28
Strand,Strand ,Strand Building,Classrooms,110,Strand  S2.31,TRUE,37.75,38,652,868.25,0.75093579,75%,1.2,28,23
Strand,Strand ,Strand Building,Classrooms,110,Strand  S2.38,TRUE,22.66666667,23,289.6666667,362.6666667,0.798713235,80%,1.9,30,16
Strand,Strand ,Strand Building,Classrooms,110,Strand  S2.39,TRUE,34.25,34,647.3333333,685,0.945012165,95%,1.5,29,20
Strand,Strand ,Strand Building,Classrooms,110,Strand  S2.49,TRUE,32.625,33,707.4583333,1141.875,0.619558475,62%,1.6,55,35
Strand,Strand ,Strand Building,Classrooms,110,Strand  S3.05,TRUE,30.58333333,31,639.25,917.5,0.696730245,70%,1.9,56,30
Strand,Strand ,Strand Building,Classrooms,110,Strand  S-3.18,TRUE,31.16666667,31,758.1666667,1402.5,0.540582294,54%,1.3,57,45
Strand,Strand ,Strand Building,Classrooms,110,Strand  S-3.19,TRUE,31.66666667,32,430.9166667,633.3333333,0.680394737,68%,1.7,33,20
Strand,Strand ,Strand Building,Classrooms,110,Strand  S3.30,TRUE,42.75,43,847.0416667,2308.5,0.366922966,37%,1,55,54
Strand,Strand ,Strand Building,Classrooms,110,Strand  S3.31,TRUE,39.58333333,40,677.9166667,1385.416667,0.489323308,49%,1.3,44,35
Strand,Strand ,Strand Building,Classrooms,110,Strand  S3.32,TRUE,40,40,706.75,1200,0.588958333,59%,1.2,35,30
Strand,Strand ,Strand Building,Classrooms,110,Strand  S3.40,TRUE,36.41666667,36,636.5,728.3333333,0.873913043,87%,1.5,31,20
Strand,Strand ,Strand Building,Classrooms,110,Strand  S3.41,TRUE,28.91666667,29,531.0833333,694,0.76524976,77%,1.2,29,24
Strand,Strand ,Strand Building,Classrooms,110,Strand  S4.23,TRUE,22.75,23,426.5833333,568.75,0.75003663,75%,1.5,38,25
Strand,Strand ,Strand Building,Classrooms,110,Strand  S4.36,TRUE,23.33333333,23,415.5833333,466.6666667,0.890535714,89%,1.3,27,20
Strand,Strand ,Strand Building,Classrooms,110,Strand  S5.20,TRUE,15.83333333,16,312.5,395.8333333,0.789473684,79%,1.7,41,25
Strand,Strand ,Strand Building,Classrooms,110,Strand  S8.08,TRUE,16.66666667,17,329.1666667,500,0.658333333,66%,1.4,41,30
Strand,Strand ,Strand Building,Classrooms,110,Strand  S4.29,TRUE,18.91666667,19,367.75,0,0,0%,0,41,0
Strand,Strand ,Strand Building,Classrooms,110,Strand  S7.06,TRUE,2.25,2,22.5,0,0,0%,0,40,0
Strand,Strand ,Strand Building,Classrooms,120,Strand  S-1.04,TRUE,39.54166667,40,1362.416667,2135.25,0.638059556,64%,0.9,50,54
Strand,Strand ,Strand Building,Classrooms,120,Strand  S-1.06,TRUE,41,41,1370.916667,2952,0.464402665,46%,1,73,72
Strand,Strand ,Strand Building,Classrooms,120,Strand  S-2.08,TRUE,39.25,39,2871.166667,5102.5,0.562698024,56%,1,126,130
Strand,Strand ,Strand Building,Classrooms,120,Strand  S-2.18,TRUE,25.5,26,4466.458333,0,0,0%,0,266,0
Strand,Strand ,Strand Building,Classrooms,120,Strand  S-3.20,TRUE,32.04166667,32,2069.291667,4101.333333,0.504541206,50%,0.9,117,128
Strand,Virginia Woolf ,Virginia Woolf Building,Classrooms,110,Virginia Woolf  VB1.34,TRUE,32.41666667,32,555.8333333,972.5,0.571550985,57%,1.6,47,30
Strand,Virginia Woolf ,Virginia Woolf Building,Classrooms,110,Virginia Woolf  VB3.01,TRUE,27.45833333,27,429.9583333,659,0.652440567,65%,2.7,64,24
Strand,Virginia Woolf ,Virginia Woolf Building,Classrooms,110,Virginia Woolf  VB3.09,TRUE,6.75,7,21.08333333,67.5,0.312345679,31%,2,20,10
Strand,Virginia Woolf ,Virginia Woolf Building,Classrooms,110,Virginia Woolf  VB3.10,TRUE,8.791666667,9,33.04166667,70.33333333,0.46978673,47%,1.6,12,8
Strand,Virginia Woolf ,Virginia Woolf Building,Classrooms,110,Virginia Woolf  VB3.17,TRUE,7.291666667,7,28.54166667,21.875,1.304761905,130%,2.4,7,3
Strand,Virginia Woolf ,Virginia Woolf Building,Classrooms,110,Virginia Woolf  VB4.01,TRUE,20.08333333,20,258.9166667,321.3333333,0.805757261,81%,1.7,27,16
Strand,Virginia Woolf ,Virginia Woolf Building,Classrooms,110,Virginia Woolf  VB4.02,TRUE,17.08333333,17,159.4166667,273.3333333,0.583231707,58%,1.7,28,16
Strand,Virginia Woolf ,Virginia Woolf Building,Classrooms,110,Virginia Woolf  VB4.08,TRUE,0.25,0,1.25,2.5,0.5,50%,1.3,13,10
Strand,Virginia Woolf ,Virginia Woolf Building,Classrooms,110,Virginia Woolf  VB4.10,TRUE,1.125,1,4.291666667,11.25,0.381481481,38%,1.3,13,10
Strand,Virginia Woolf ,Virginia Woolf Building,Classrooms,110,Virginia Woolf  VB5.01,TRUE,18.5,19,185.5,259,0.716216216,72%,1.8,25,14
Strand,Virginia Woolf ,Virginia Woolf Building,Classrooms,110,Virginia Woolf  VB5.04,TRUE,13.29166667,13,124.125,186.0833333,0.667039857,67%,2,27,14
Strand,Virginia Woolf ,Virginia Woolf Building,Classrooms,110,Virginia Woolf  VB5.05,TRUE,0.458333333,0,2.291666667,4.583333333,0.5,50%,1.3,13,10
Strand,Virginia Woolf ,Virginia Woolf Building,Classrooms,110,Virginia Woolf  VB5.20,TRUE,10.66666667,11,49.5,32,1.546875,155%,2.4,7,3
Strand,Virginia Woolf ,Virginia Woolf Building,Classrooms,110,Virginia Woolf  VB5.22,TRUE,13.45833333,13,101.125,188.4166667,0.536709421,54%,1.8,25,14
Strand,Virginia Woolf ,Virginia Woolf Building,Classrooms,110,Virginia Woolf  VB5.29,TRUE,30.75,31,521.9166667,615,0.848644986,85%,2.4,48,20
Strand,Virginia Woolf ,Virginia Woolf Building,Classrooms,110,Virginia Woolf  VB6.01,TRUE,27.54166667,28,431.6666667,661,0.653050933,65%,2.5,61,24
Strand,Virginia Woolf ,Virginia Woolf Building,Classrooms,110,Virginia Woolf  VB6.06,TRUE,25.91666667,26,330.25,492.4166667,0.670671856,67%,1.7,33,19
Strand,Virginia Woolf ,Virginia Woolf Building,Classrooms,110,Virginia Woolf  VB6.23,TRUE,5.416666667,5,9.583333333,16.25,0.58974359,59%,2.2,6,3
Strand,Virginia Woolf ,Virginia Woolf Building,Classrooms,110,Virginia Woolf  VB6.32,TRUE,24.25,24,391.8333333,485,0.80790378,81%,2.1,41,20
Strand,Virginia Woolf ,Virginia Woolf Building,Classrooms,110,Virginia Woolf  VB6.44,TRUE,9,9,53.45833333,90,0.593981481,59%,2.2,22,10
Strand,Virginia Woolf ,Virginia Woolf Building,Classrooms,110,Virginia Woolf  VB7.01,TRUE,21.29166667,21,276.4583333,383.25,0.721352468,72%,1.9,34,18
Strand,Virginia Woolf ,Virginia Woolf Building,Classrooms,110,Virginia Woolf  VB7.03,TRUE,13.875,14,68.79166667,55.5,1.239489489,124%,2,8,4
Strand,Virginia Woolf ,Virginia Woolf Building,Classrooms,110,Virginia Woolf  VB7.05,TRUE,1.5,2,5.5,12,0.458333333,46%,1.5,12,8
Strand,Virginia Woolf ,Virginia Woolf Building,Classrooms,110,Virginia Woolf  VB7.13,TRUE,0.458333333,0,2.291666667,4.583333333,0.5,50%,1.8,18,10
Strand,Virginia Woolf ,Virginia Woolf Building,Classrooms,110,Virginia Woolf  VB7.24,TRUE,8.333333333,8,12.5,25,0.5,50%,2.5,7,3
Strand,Virginia Woolf ,Virginia Woolf Building,Classrooms,110,Virginia Woolf  VB7.28,TRUE,10.125,10,22.875,30.375,0.75308642,75%,2.5,7,3
Strand,Virginia Woolf ,Virginia Woolf Building,Classrooms,110,Virginia Woolf  VB4.07,TRUE,0.458333333,0,2.291666667,3.666666667,0.625,63%,1.7,14,8
Strand,Virginia Woolf ,Virginia Woolf Building,Classrooms,110,Virginia Woolf  VB3.19,TRUE,9.541666667,10,38.29166667,28.625,1.337700146,134%,2.6,8,3
Strand,Virginia Woolf ,Virginia Woolf Building,Classrooms,110,Virginia Woolf  VB6.03,TRUE,0.458333333,0,2.291666667,3.666666667,0.625,63%,1.6,13,8
Strand,Virginia Woolf ,Virginia Woolf Building,Classrooms,110,Virginia Woolf  VB3.33,TRUE,1.833333333,2,1.833333333,5.5,0.333333333,33%,2.2,7,3
Strand,Virginia Woolf ,Virginia Woolf Building,Classrooms,110,Virginia Woolf  VB4.31,TRUE,7.708333333,8,38.45833333,23.125,1.663063063,166%,2.2,6,3
Strand,Virginia Woolf ,Virginia Woolf Building,Classrooms,110,Virginia Woolf  VB7.17,TRUE,1.666666667,2,5.916666667,16.66666667,0.355,36%,1.8,18,10
Strand,Virginia Woolf ,Virginia Woolf Building,Classrooms,110,Virginia Woolf  VB6.04,TRUE,0.458333333,0,2.291666667,3.666666667,0.625,63%,1.6,13,8
Strand,Virginia Woolf ,Virginia Woolf Building,Classrooms,110,Virginia Woolf  VB6.20,TRUE,8.875,9,66.95833333,26.625,2.51486698,251%,2.1,6,3
Strand,Virginia Woolf ,Virginia Woolf Building,Classrooms,110,Virginia Woolf  VB3.08,TRUE,9.25,9,24.375,92.5,0.263513514,26%,1.2,12,10
Strand,Virginia Woolf ,Virginia Woolf Building,Classrooms,110,Virginia Woolf  VB3.07,TRUE,0.125,0,0.375,1.25,0.3,30%,2,20,10
Strand,Virginia Woolf ,Virginia Woolf Building,Classrooms,110,Virginia Woolf  VB4.28,TRUE,6.166666667,6,18.5,18.5,1,100%,2.2,6,3
Strand,Virginia Woolf ,Virginia Woolf Building,Classrooms,110,Virginia Woolf  VB3.21,TRUE,8.416666667,8,25.25,25.25,1,100%,2.4,7,3
Waterloo,Franklin Wilkins ,Franklin Wilkins Building,Class Laboratories,210,Franklin Wilkins  2.49,TRUE,10.16666667,10,377.0833333,610,0.618169399,62%,3.2,193,60
Waterloo,Franklin Wilkins ,Franklin Wilkins Building,Class Laboratories,210,Franklin Wilkins  2.84,TRUE,6.833333333,7,239.7916667,410,0.584857724,58%,2.9,177,60
Waterloo,Franklin Wilkins ,Franklin Wilkins Building,Class Laboratories,210,Franklin Wilkins  2.87,TRUE,8.666666667,9,328.75,520,0.632211538,63%,3.1,185,60
Waterloo,Franklin Wilkins ,Franklin Wilkins Building,Class Laboratories,210,Franklin Wilkins  3.142,TRUE,21.33333333,21,924.0833333,1280,0.721940104,72%,4.1,247,60
Waterloo,Franklin Wilkins ,Franklin Wilkins Building,Class Laboratories,210,Franklin Wilkins  4.163,TRUE,14.41666667,14,959.5416667,1297.5,0.73953115,74%,2.7,246,90
Waterloo,Franklin Wilkins ,Franklin Wilkins Building,Class Laboratories,210,Franklin Wilkins  4.66,TRUE,16.25,16,763.5,780,0.978846154,98%,5.2,251,48
Waterloo,Franklin Wilkins ,Franklin Wilkins Building,Class Laboratories,210,Franklin Wilkins  4.92,TRUE,5.833333333,6,119.8333333,175,0.684761905,68%,4,121,30
Waterloo,Franklin Wilkins ,Franklin Wilkins Building,Class Laboratories,210,Franklin Wilkins  5.131,TRUE,20.5,21,751.0833333,1845,0.407091238,41%,2.6,234,90
Waterloo,Franklin Wilkins ,Franklin Wilkins Building,Class Laboratories,210,Franklin Wilkins  5.141,TRUE,36,36,2186.666667,0,0,0%,0,228,0
Waterloo,Franklin Wilkins ,Franklin Wilkins Building,Class Laboratories,210,Franklin Wilkins  5.152,TRUE,7.083333333,7,167.6666667,0,0,0%,0,143,0
Waterloo,Franklin Wilkins ,Franklin Wilkins Building,Class Laboratories,210,Franklin Wilkins  5.42,TRUE,17.08333333,17,417.7083333,512.5,0.81504065,82%,3.7,111,30
Waterloo,Franklin Wilkins ,Franklin Wilkins Building,Class Laboratories,210,Franklin Wilkins  5.35,TRUE,13.33333333,13,416.0833333,400,1.040208333,104%,3.7,110,30
Waterloo,Franklin Wilkins ,Franklin Wilkins Building,Class Laboratories,210,Franklin Wilkins  4.70,TRUE,18.91666667,19,787.5,851.25,0.925110132,93%,2.8,126,45
Waterloo,Franklin Wilkins ,Franklin Wilkins Building,Class Laboratories,210,Franklin Wilkins  3.154,TRUE,0.583333333,1,2.333333333,26.25,0.088888889,9%,2.8,127,45
Waterloo,Franklin Wilkins ,Franklin Wilkins Building,Classrooms,110,Franklin Wilkins  1.12,TRUE,15.04166667,15,246.125,300.8333333,0.818144044,82%,1.5,29,20
Waterloo,Franklin Wilkins ,Franklin Wilkins Building,Classrooms,110,Franklin Wilkins  1.14,TRUE,16.66666667,17,363.7083333,500,0.727416667,73%,1.3,38,30
Waterloo,Franklin Wilkins ,Franklin Wilkins Building,Classrooms,110,Franklin Wilkins  1.20,TRUE,19.45833333,19,417,681.0416667,0.612297339,61%,1,36,35
Waterloo,Franklin Wilkins ,Franklin Wilkins Building,Classrooms,110,Franklin Wilkins  1.21,TRUE,23.875,24,485.25,835.625,0.580703067,58%,1.2,43,35
Waterloo,Franklin Wilkins ,Franklin Wilkins Building,Classrooms,110,Franklin Wilkins  1.61,TRUE,6.041666667,6,59.45833333,120.8333333,0.492068966,49%,1.2,23,20
Waterloo,Franklin Wilkins ,Franklin Wilkins Building,Classrooms,110,Franklin Wilkins  1.63,TRUE,14.83333333,15,233.25,296.6666667,0.786235955,79%,1.4,29,20
Waterloo,Franklin Wilkins ,Franklin Wilkins Building,Classrooms,110,Franklin Wilkins  1.65,TRUE,21.75,22,347.5833333,435,0.799042146,80%,1.4,28,20
Waterloo,Franklin Wilkins ,Franklin Wilkins Building,Classrooms,110,Franklin Wilkins  1.68,TRUE,12.41666667,12,279.0833333,434.5833333,0.642186002,64%,1.4,49,35
Waterloo,Franklin Wilkins ,Franklin Wilkins Building,Classrooms,110,Franklin Wilkins  1.69,TRUE,11.29166667,11,173.4166667,225.8333333,0.767896679,77%,1.4,28,20
Waterloo,Franklin Wilkins ,Franklin Wilkins Building,Classrooms,110,Franklin Wilkins  2.41,TRUE,17.16666667,17,295.1666667,343.3333333,0.859708738,86%,1.5,31,20
Waterloo,Franklin Wilkins ,Franklin Wilkins Building,Classrooms,110,Franklin Wilkins  2.42,TRUE,15.08333333,15,402.75,527.9166667,0.762904499,76%,1.1,39,35
Waterloo,Franklin Wilkins ,Franklin Wilkins Building,Classrooms,110,Franklin Wilkins  2.44,TRUE,8.25,8,65.45833333,123.75,0.528956229,53%,1.8,26,15
Waterloo,Franklin Wilkins ,Franklin Wilkins Building,Classrooms,110,Franklin Wilkins  2.47,TRUE,15.66666667,16,265.7916667,548.3333333,0.484726444,48%,1.3,46,35
Waterloo,Franklin Wilkins ,Franklin Wilkins Building,Classrooms,110,Franklin Wilkins  2.48,TRUE,13,13,280.5833333,455,0.616666667,62%,1.2,41,35
Waterloo,Franklin Wilkins ,Franklin Wilkins Building,Classrooms,110,Franklin Wilkins  3.145,TRUE,11.375,11,198.125,227.5,0.870879121,87%,1.1,21,20
Waterloo,Franklin Wilkins ,Franklin Wilkins Building,Classrooms,110,Franklin Wilkins  3.146,TRUE,10.91666667,11,192.625,382.0833333,0.504143948,50%,1.2,44,35
Waterloo,Franklin Wilkins ,Franklin Wilkins Building,Classrooms,110,Franklin Wilkins  4.174,TRUE,7.5,8,87.04166667,150,0.580277778,58%,1.1,21,20
Waterloo,Franklin Wilkins ,Franklin Wilkins Building,Classrooms,110,Franklin Wilkins  4.176,TRUE,14.70833333,15,224.875,294.1666667,0.764447592,76%,2.2,44,20
Waterloo,Franklin Wilkins ,Franklin Wilkins Building,Classrooms,110,Franklin Wilkins  4.63,TRUE,19.875,20,724.75,1351.5,0.536256012,54%,1.1,72,68
Waterloo,Franklin Wilkins ,Franklin Wilkins Building,Classrooms,110,Franklin Wilkins  5.132,TRUE,18.16666667,18,687,1453.333333,0.472706422,47%,0.9,71,80
Waterloo,Franklin Wilkins ,Franklin Wilkins Building,Classrooms,110,Franklin Wilkins  5.144,TRUE,3.75,4,48.79166667,75,0.650555556,65%,1.3,27,20
Waterloo,Franklin Wilkins ,Franklin Wilkins Building,Classrooms,110,Franklin Wilkins  5.148,TRUE,9.916666667,10,145.125,198.3333333,0.731722689,73%,1.3,27,20
Waterloo,Franklin Wilkins ,Franklin Wilkins Building,Classrooms,110,Franklin Wilkins  G.70,TRUE,12.41666667,12,216.7083333,248.3333333,0.872651007,87%,1.2,23,20
Waterloo,Franklin Wilkins ,Franklin Wilkins Building,Classrooms,110,Franklin Wilkins  G.72,TRUE,8.791666667,9,207.75,263.75,0.787677725,79%,1.2,36,30
Waterloo,Franklin Wilkins ,Franklin Wilkins Building,Classrooms,110,Franklin Wilkins  G.75,TRUE,8.041666667,8,69.95833333,160.8333333,0.434974093,43%,1.4,28,20
Waterloo,Franklin Wilkins ,Franklin Wilkins Building,Classrooms,110,Franklin Wilkins  G.76,TRUE,15.58333333,16,271.125,311.6666667,0.869919786,87%,1.1,22,20
Waterloo,Franklin Wilkins ,Franklin Wilkins Building,Classrooms,110,Franklin Wilkins  G.80,TRUE,8.875,9,285.875,355,0.80528169,81%,1.3,52,40
Waterloo,Franklin Wilkins ,Franklin Wilkins Building,Classrooms,120,Franklin Wilkins  1.10,TRUE,12.875,13,914.4166667,1287.5,0.710226537,71%,1,99,100
Waterloo,Franklin Wilkins ,Franklin Wilkins Building,Classrooms,120,Franklin Wilkins  1.11,TRUE,12.41666667,12,568.5833333,993.3333333,0.572399329,57%,1,83,80
Waterloo,Franklin Wilkins ,Franklin Wilkins Building,Classrooms,120,Franklin Wilkins  1.13,TRUE,13.70833333,14,518.5833333,1096.666667,0.47287234,47%,0.9,75,80
Waterloo,Franklin Wilkins ,Franklin Wilkins Building,Classrooms,120,Franklin Wilkins  1.16,TRUE,21.33333333,21,1073.416667,1706.666667,0.628955078,63%,1,77,80
Waterloo,Franklin Wilkins ,Franklin Wilkins Building,Classrooms,120,Franklin Wilkins  1.17,TRUE,17.20833333,17,615,774.375,0.794188862,79%,1.8,81,45
Waterloo,Franklin Wilkins ,Franklin Wilkins Building,Classrooms,120,Franklin Wilkins  1.60,TRUE,20.04166667,20,849.625,1603.333333,0.529911642,53%,1.1,85,80
Waterloo,Franklin Wilkins ,Franklin Wilkins Building,Classrooms,120,Franklin Wilkins  1.62,TRUE,15.41666667,15,591.2916667,1233.333333,0.479425676,48%,1,80,80
Waterloo,Franklin Wilkins ,Franklin Wilkins Building,Classrooms,120,Franklin Wilkins  1.67,TRUE,18.54166667,19,793.75,1483.333333,0.53511236,54%,0.9,76,80
Waterloo,Franklin Wilkins ,Franklin Wilkins Building,Classrooms,120,Franklin Wilkins  1.70,TRUE,11.75,12,511.7916667,940,0.54445922,54%,1,83,80
Waterloo,Franklin Wilkins ,Franklin Wilkins Building,Classrooms,120,Franklin Wilkins  1.71,TRUE,19.45833333,19,1065.666667,1653.958333,0.644312886,64%,1.1,97,85
Waterloo,Franklin Wilkins ,Franklin Wilkins Building,Classrooms,120,Franklin Wilkins  2.40,TRUE,17.16666667,17,1184.5,1287.5,0.92,92%,1.1,80,75
Waterloo,Franklin Wilkins ,Franklin Wilkins Building,Classrooms,120,Franklin Wilkins  2.43,TRUE,16.91666667,17,334.9166667,592.0833333,0.565657987,57%,1.5,51,35
Waterloo,Franklin Wilkins ,Franklin Wilkins Building,Classrooms,120,Franklin Wilkins  2.45,TRUE,17.25,17,274.5833333,517.5,0.530595813,53%,1.7,50,30
Waterloo,Franklin Wilkins ,Franklin Wilkins Building,Classrooms,120,Franklin Wilkins  2.46,TRUE,15.25,15,272.1666667,533.75,0.50991413,51%,1.3,44,35
Waterloo,Franklin Wilkins ,Franklin Wilkins Building,Classrooms,120,Franklin Wilkins  2.80,TRUE,21.83333333,22,652.4583333,873.3333333,0.747089695,75%,1.5,59,40
Waterloo,Franklin Wilkins ,Franklin Wilkins Building,Classrooms,120,Franklin Wilkins  2.81,TRUE,15.16666667,15,678.0833333,1213.333333,0.55885989,56%,1.1,91,80
Waterloo,Franklin Wilkins ,Franklin Wilkins Building,Classrooms,120,Franklin Wilkins  3.52,TRUE,20.20833333,20,934.9166667,1414.583333,0.660913108,66%,1,72,70
Waterloo,Franklin Wilkins ,Franklin Wilkins Building,Classrooms,120,Franklin Wilkins  G.338 (B5),TRUE,19.75,20,4826.5,7840.75,0.615566113,62%,0.9,360,397
Waterloo,Franklin Wilkins ,Franklin Wilkins Building,Classrooms,120,Franklin Wilkins  G.73,TRUE,24.04166667,24,2308.541667,3125.416667,0.738634849,74%,1.1,145,130
Waterloo,Franklin Wilkins ,Franklin Wilkins Building,Classrooms,120,Franklin Wilkins  G.79,TRUE,20.83333333,21,1390.708333,2500,0.556283333,56%,1.1,134,120
Waterloo,James Clerk Maxwell ,James Clerk Maxwell Building,Class Laboratories,210,James Clerk Maxwell  B20,TRUE,0.333333333,0,5,5,1,100%,3.6,53,15
Waterloo,James Clerk Maxwell ,James Clerk Maxwell Building,Classrooms,110,James Clerk Maxwell  G14,TRUE,24.08333333,24,616.3333333,1445,0.426528258,43%,1.3,79,60
Waterloo,James Clerk Maxwell ,James Clerk Maxwell Building,Classrooms,110,James Clerk Maxwell  G16,TRUE,22.75,23,657.4166667,1820,0.361217949,36%,1.7,134,80
Waterloo,Stamford Street Apartments,Stamford Street Apartments,Classrooms,120,Stamford Street Apartments SS1,TRUE,15.45833333,15,1982.416667,0,0,0%,0,417,0
Waterloo,Waterloo Bridge Wing,Waterloo Bridge Wing,Class Laboratories,210,Waterloo Bridge Wing 3/6,TRUE,19.5,20,359.3333333,390,0.921367521,92%,3.1,61,20
Waterloo,Waterloo Bridge Wing,Waterloo Bridge Wing,Class Laboratories,210,Waterloo Bridge Wing 4/1,TRUE,1.625,2,38.75,0,0,0%,0,56,0
Waterloo,Waterloo Bridge Wing,Waterloo Bridge Wing,Class Laboratories,210,Waterloo Bridge Wing LG/5,TRUE,13.45833333,13,258.5416667,269.1666667,0.960526316,96%,3.3,66,20
Waterloo,Waterloo Bridge Wing,Waterloo Bridge Wing,Class Laboratories,210,Waterloo Bridge Wing LG/7,TRUE,12.125,12,231.875,242.5,0.956185567,96%,4.7,94,20
Waterloo,Waterloo Bridge Wing,Waterloo Bridge Wing,Class Laboratories,210,Waterloo Bridge Wing LG/8,TRUE,13.45833333,13,182.0416667,269.1666667,0.676315789,68%,3.2,65,20
Waterloo,Waterloo Bridge Wing,Waterloo Bridge Wing,Classrooms,110,Waterloo Bridge Wing 2/1,TRUE,13.375,13,295.625,240.75,1.227933541,123%,2.1,38,18
Waterloo,Waterloo Bridge Wing,Waterloo Bridge Wing,Classrooms,110,Waterloo Bridge Wing 2/19,TRUE,14.375,14,331,359.375,0.921043478,92%,1.6,39,25
Waterloo,Waterloo Bridge Wing,Waterloo Bridge Wing,Classrooms,110,Waterloo Bridge Wing 3/7,TRUE,22.08333333,22,705.2916667,1104.166667,0.638754717,64%,1.4,68,50
Waterloo,Waterloo Bridge Wing,Waterloo Bridge Wing,Classrooms,110,Waterloo Bridge Wing 3/8,TRUE,6.375,6,91,127.5,0.71372549,71%,2,39,20
Waterloo,Waterloo Bridge Wing,Waterloo Bridge Wing,Classrooms,110,Waterloo Bridge Wing G/8,TRUE,21.66666667,22,477,1083.333333,0.440307692,44%,1.3,64,50
Waterloo,Waterloo Bridge Wing,Waterloo Bridge Wing,Classrooms,110,Waterloo Bridge Wing LG/1,TRUE,9.208333333,9,119.75,184.1666667,0.650226244,65%,1.8,37,20
Waterloo,Waterloo Bridge Wing,Waterloo Bridge Wing,Classrooms,110,Waterloo Bridge Wing LG/3,TRUE,7.458333333,7,48.33333333,111.875,0.432029795,43%,2.4,35,15
Waterloo,Waterloo Bridge Wing,Waterloo Bridge Wing,Classrooms,110,Waterloo Bridge Wing 2/21,TRUE,15.33333333,15,329,506,0.650197628,65%,1.5,51,33
Waterloo,Waterloo Bridge Wing,Waterloo Bridge Wing,Classrooms,110,Waterloo Bridge Wing G/12,TRUE,8.125,8,123.875,162.5,0.762307692,76%,1.8,37,20
Waterloo,Waterloo Bridge Wing,Waterloo Bridge Wing,Classrooms,110,Waterloo Bridge Wing 1/16,TRUE,1.833333333,2,28.41666667,33,0.861111111,86%,2.8,51,18
Waterloo,Waterloo Bridge Wing,Waterloo Bridge Wing,Classrooms,110,Waterloo Bridge Wing LG/11,TRUE,22.91666667,23,676.9583333,916.6666667,0.7385,74%,1.9,74,40
Waterloo,Waterloo Bridge Wing,Waterloo Bridge Wing,Classrooms,110,Waterloo Bridge Wing 3/1,TRUE,0.291666667,0,10.83333333,0,0,0%,0,26,0
Grand Total,,,,,,,5521.541667,5522,158757.5417,244996.125,0.648000215,65%,0,0,0
